<?xml version="1.0"?>
<pagescount>
	<html_total>4</html_total>
	<html_done>4</html_done>
	<images>283</images>
	<script>7</script>
	<css>6</css>
	<pdf/>
	<documents/>
	<excel/>
	<powerpoint/>
	<flash/>
	<audios/>
	<videos>1</videos>
	<xml/>
	<json/>
	<txt/>
	<autocad/>
	<fonts>48</fonts>
	<scraping_reload>1</scraping_reload>
	<is_pretty_url>false</is_pretty_url>
	<is_ebn>false</is_ebn>
	<email>sjhshshsh@gmail.com</email>
	<theme_name>WmdTheme637777</theme_name>
	<server_url_front_page>https://www6.waybackmachinedownloader.com/wdo/files/demo/trget-paranguvende.com_sjhshshsh_gmail.com_x2o6815ipw/</server_url_front_page>
	<no_www_url>trget-paranguvende.com</no_www_url>
	<hosted_domain/>
	<original_archive_url>https://trget-paranguvende.com/sahibinden-detay</original_archive_url>
	<final_archive_url>https://trget-paranguvende.com/sahibinden-detay/</final_archive_url>
	<front_page_code_date/>
	<total_urls_from_api/>
	<max_reached_live>false</max_reached_live>
	<scrape_other_captures>false</scrape_other_captures>
	<total_size>11492</total_size>
</pagescount>
